current_name,correct_name,lga_areas
BATAGARA/CHARANGI/RIMI,BATAGARA / CHARANGI / RIMI,"Batagarawa, Charanchi, Rimi"
Mushin II Federal Constituency,Mushin II Federal Constituency,Mushin II Federal Constituency
Kano Municipal,Kano Municipal,Kano Municipal
Bali/Gassol,Bali / Gassol,"Bali, Gassol"
Gombi/Hong,Gombi / Hong,"Gombi, Hong"
ADO/OGBADIBO/OKPOKWU,ADO / OGBADIBO / OKPOKWU,"Ado, Ogbadibo, Okpokwu"
Bade/Jakusko,Bade / Jakusko,"Bade, Jakusko"
Eti-Osa,Eti-Osa,Eti-Osa
Konshisha/Vandekiya,Konshisha / Vandekiya,"Konshish, Vandeiky"
Southern Ijaw,Southern Ijaw,Southern Ijaw
Hadejia/Kafin Hausa,Hadejia / Kafin Hausa,"Hadejia, Kafin Hausa"
Oluyole,Oluyole,Oluyole
Malunfashi/Kafur,Malunfashi / Kafur,"Malumfashi, Kafur"
Arewa/Dandi,Arewa / Dandi,"Arewa, Dandi"
Igabi,Igabi,Igabi
Jere,Jere,Jere
Soba,Soba,Soba
Tankarkar/Gagarawa,Tankarkar / Gagarawa,"Tankarkar, Gagarawa"
Lere,Lere,Lere
GUSAU/TSAFE,GUSAU / TSAFE,"Gusau, Tsafe"
Gashaka/Kurmi/Sardauna,Gashaka / Kurmi / Sardauna,"Gashaka, Kurmi, Sardauna"
Lavvn/Edati/Mokwa,Lavvn / Edati / Mokwa,"Lavun, Edati, Mokwa"
Akure South / North,Akure South / North,"Akure South, Akure North"
Ini /Ikono,Ini / Ikono,"Ini, Ikono"
SHENDAMMIKANG/QUAANPAN,SHENDAMMIKANG / QUAANPAN,"Shendam, Qua'anpa"
Ohaji / Egbema-Oguta-Oru West,Ohaji / Egbema-Oguta-Oru West,"Ohaji, Egbema-Oguta-Oru West"
JAMAARE/ITAS-GADAU,JAMAARE / ITAS-GADAU,"Jama'are, Itas/Gad"
"Kukawa, Gutamala Abadam, Mobbar","Kukawa, Gutamala Abadam, Mobbar","Kukawa, Gutamala Abadam, Mobbar"
Mani/Bindawa Constituency,Mani / Bindawa Constituency,"Mani, Bindawa"
Makarfi/Kudan,Makarfi / Kudan,"Makarfi, Kudan"
Tangaza/Gudu,Tangaza / Gudu,"Tangazar, Gudu"
Gwagwalada/Kuje,Gwagwalada / Kuje,"Gwagwalada, Kuje"
Ibi/Wukari,Ibi / Wukari,"Ibi, Wukari"
Karu / Kokona / Keffi,Karu / Kokona / Keffi,"Karu, Kokona, Keffi"
IDAH/IGALAMELA/IBAJI/OFU,IDAH / IGALAMELA / IBAJI / OFU,"Idah, Igalamela-Odolu, Ibaji, Ofu"
Fika/Fune,Fika / Fune,"Fika, Fune"
Kachiya/Kagarko,Kachiya / Kagarko,"Kachia, Kagarko"
Lau/K/Lamido/Ardo-Kola,Lau / K / Lamido / Ardo-Kola,"Lau, Gwiwa, Lamido, Ardo-Kola"
ORLU/ORSU/ORUE AST,ORLU / ORSU / ORUE AST,"Orlu, Orsu, Oru East"
Egor / Ikpoba-Okha,Egor / Ikpoba-Okha,"Egor, Ikpoba-Okha"
Apapa Federal Constituency,Apapa Federal Constituency,Apapa
GBOKO/TARKA,GBOKO / TARKA,"Gboko, Tarka"
Obubra/Etung,Obubra / Etung,"Obubra, Etung"
Boluwaduro / Ifedayo / Ila,Boluwaduro / Ifedayo / Ila,"Boluwaduro, Ifedayo, Ila"
Wurno / Rabah,Wurno / Rabah,"Wurno, Rabah"
Maiduguri,Maiduguri,Maidugur
Birnin Kebbi - Kalgo - Bunza,Birnin Kebbi - Kalgo - Bunza,"BirninKe, Kalgo, Bunza"
"Saki East,West/Atisbo","Saki East,West / Atisbo","Saki East, Saki West, Atisbo"
Ijebu Central,Ijebu Central,Ijebu Central
Port Harcourt One,Port Harcourt One,Port Harcourt One
Itu,Itu,Itu
Damatura/Gujba/Gulani/Tarmuwa,Damatura / Gujba / Gulani / Tarmuwa,"Damaturu, Gujba, Gulani, Tarmuwa"
Gombe Kwami Funakaye,Gombe Kwami Funakaye,"Gombe, Kwami, Funakaye"
Lafia  / Obi,Lafia / Obi,"Lafia, Obi"
Enugu_East / Isi-Uzo,Enugu_East / Isi-Uzo,"Enugu East, Isi-Uzo"
Obio-Akpor,Obio-Akpor,Obio/Akp
Toro,Toro,Toro
Anka/Talata Mafara,Anka / Talata Mafara,"Anka, Talata-Mafara"
Bichi,Bichi,Bichi
Isoko North/Isoko South,Isoko North / Isoko South,"IsokoNor, IsokoSou"
Ohaozara/Onicha/Ivo,Ohaozara / Onicha / Ivo,"Ohaozara, Onicha, Ivo"
Gamawa,Gamawa,Gamawa
Mafa/Dikwa/Konduga,Mafa / Dikwa / Konduga,"Mafa, Dikwa, Konduga"
Ife Federal Constituency,Ife Federal Constituency,Ife Federal
Jalingo / Yorro / Zing,Jalingo / Yorro / Zing,"Jalingo, Yorro, Zing"
Funtua/Dandume Constituency,Funtua / Dandume Constituency,"Funtua, Dandume"
Ilorin West/Asa,Ilorin West / Asa,"IlorinWe, Asa"
Onuimo/Okigwe/Isiala Mbano,Onuimo / Okigwe / Isiala Mbano,"Unuimo, Okigwe, IsialaMb"
Khana / Gokana,Khana / Gokana,"Khana, Gokana"
ADO EKITI/IREPODUN-IFELODUN,ADO EKITI / IREPODUN-IFELODUN,"Ado-Ekiti, Irepodun/Ifelodun"
Kaga / Gubio / Magumeri,Kaga / Gubio / Magumeri,"Kaga, Gubio, Magumeri"
Wudil/Garko,Wudil / Garko,"Wudil, Garko"
Ankpa-Omala-Olamaboro,Ankpa-Omala-Olamaboro,"Ankpa, Omala, Olamabor"
Zaki,Zaki,Zaki
AWE/DOMA/KEANA,AWE / DOMA / KEANA,"Awe, Doma, Keana"
Giwa/Birnin-Gwari,Giwa / Birnin-Gwari,"Giwa, Birnin-Magaji/Kiyaw"
"Marte, Monhuno & Nganzai","Marte, Monhuno & Nganzai","Marte, Monguno, Nganzai"
ALKALERI/KIRFI,ALKALERI / KIRFI,"Alkaleri, Kirfi"
Chanchaga,Chanchaga,Chanchaga
Baruten/Kalama,Baruten / Kalama,"Baruten, Kaiama"
Lagos Island II Federal Constituency,Lagos Island II Federal Constituency,Lagos Island
Oshodi-Isolo I Federal Constituency,Oshodi-Isolo I Federal Constituency,Oshodi/Isolo
Idanre / Ifedore,Idanre / Ifedore,"Idanre, Ifedore"
Gummi/Bukkuyum,Gummi / Bukkuyum,"Gummi, Bukkuyum"
Afijio/Atiba East/Oyo West,Afijio / Atiba East / Oyo West,"Afijio, Atiba East, Oyo West"
Gwale,Gwale,Gwale
Kura/Madobi/Garin Malan,Kura / Madobi / Garin Malan,"Kura, Madobi, Garin Malan"
"Ogbomosho North,South/Orire","Ogbomosho North,South / Orire","Ogbomosho North, Ogbomosho South, Ori-Ire"
Kumbotso,Kumbotso,Kumbotso
Ibarapa Central/North,Ibarapa Central / North,"Ibarapa Central, Ibarapa North"
Akinyele/Lagelu,Akinyele / Lagelu,"Akinyele, Lagelu"
Nasarawa / Toto,Nasarawa / Toto,"Nasarawa, Toto"
Goronyo/Gada,Goronyo / Gada,"Goronyo, Gada"
Gezawa/Gabasawa,Gezawa / Gabasawa,"Gezawa, Gabasawa"
Dawakin-Kudu/Warawa,Dawakin-Kudu / Warawa,"DawakinK, Warawa"
Jahun/Miga,Jahun / Miga,"Jahun, Miga"
Bomadi/Patani,Bomadi / Patani,"Bomadi, Patani"
BINJI/SILAME,BINJI / SILAME,"Binji, Silame"
Ogbia,Ogbia,Ogbia
Tarauni,Tarauni,Tarauni
Gwarzo/kabo Federal Constituency,Gwarzo / kabo Federal Constituency,"Gwarzo, Kabo"
ZANGO/BAURE,ZANGO / BAURE,"Zango, Baure"
Nassarawa,Nassarawa,Nassaraw
Oriade / Obokon,Oriade / Obokon,"Oriade, Obokun"
Aniocha North/Aniocha South/Oshimili North/Oshimili South,Aniocha North / Aniocha South / Oshimili North / Oshimili South,"AniochaN, AniochaS, Oshimili North, Oshimili South"
Isuikwuato/Umunneochi,Isuikwuato / Umunneochi,"Isuikwuato, Umu-Nneochi"
CALABAR/UDOKPANI,CALABAR / UDOKPANI,"Calabar, Odukpani"
Bende,Bende,Bende
Ovia Federal Constituency,Ovia Federal Constituency,Ovi
NINGI/WARJI,NINGI / WARJI,"Ningi, Warji"
Ikan North-East,Ikan North-East,Ikan North-East
EPE,EPE,Epe
Enugu North/Enugu South,Enugu North / Enugu South,"Enugu North, EnuguSou"
Udu/Ughelli North/South,Udu / Ughelli North / South,"Udu, Ughelli North, Ughelli South"
Etche / Omuma,Etche / Omuma,"Etche, Omumma"
Ezeagu/Udi,Ezeagu / Udi,"Ezeagu, Udi"
Ifako Ijaye,Ifako Ijaye,Ifako/Ijaye
Okpe/ Sapele/ Uvwie,Okpe / Sapele / Uvwie,"Okpe, Sapele, Uvwie"
IKwo / Ezza South,IKwo / Ezza South,"Ikwo, Ezza South"
Iseyin/ Itesiwasu / Kajola / Iwajowa,Iseyin / Itesiwasu / Kajola / Iwajowa,"Iseyin, Itesiwaju, Kajola, Iwajowa"
Lagos Island I Federal Constituency,Lagos Island I Federal Constituency,Lagos Island
Egbeda/ Ona-Ara,Egbeda / Ona-Ara,"Egbeda, Ona-Ara"
Amuwo Odofin Federal Constituency,Amuwo Odofin Federal Constituency,Amuwo Odofin
"Abeokuta North, Obafemi Owode & Odeda Fed. Const.","Abeokuta North, Obafemi Owode & Odeda Fed. Const.","AbeokutaNorth, Obafemi-Owode, Owode, Odeda"
Ogo Oluwa / Surulere,Ogo Oluwa / Surulere,"Ogo Oluwa, Surulere"
Afikpo North/Afikpo South,Afikpo North / Afikpo South,"AfikpoSo, Afikpo"
Owo/Ose,Owo / Ose,"Owo, Ose"
Ndokwa East/Ndokwa,Ndokwa East / Ndokwa,"Ndokwa East, Ndokwa"
IJERO/EFON/EKITI WEST,IJERO / EFON / EKITI WEST,"Ijero, Efon, EkitiWest"
Owan East / West,Owan East / West,"Owan East, OwanWest"
"Esan Central, Esan West, Igueben","Esan Central, Esan West, Igueben","Esan Central, EsanWest, Igueben"
Nkanu East/Nkanu West,Nkanu East / Nkanu West,"Nkanu East, Nkanu West"
Ezza North/Ishelu,Ezza North / Ishelu,"Ezza North, Ishielu"
Damibo'a / Chibok/ Gwoza,Damibo'a / Chibok / Gwoza,"Damboa, Chibok, Gwoza"
Ebonyi/Ohaukwu,Ebonyi / Ohaukwu,"Ebonyi, Ohaukwu"
Akoko-Edo,Akoko-Edo,Akoko-Ed
Badagry,Badagry,Badagary
Felodun/Offa/Oyun,Felodun / Offa / Oyun,"Felodun, Offa, Oyun"
Ilaje / Ese Odo,Ilaje / Ese Odo,"Ilaje, Ese-Odo"
AHIAZU-MBAISE/EZINITTE,AHIAZU-MBAISE / EZINITTE,"Ahizu-Mb, Ezinihit"
Oredo,Oredo,Oredo
Oron/Mbo/Okobo/Urefong/udung-Uko,Oron / Mbo / Okobo / Urefong / udung-Uko,"Oron, Mbo, Okobo, Urefong, Udung Uko"
EKITI II,EKITI II,Oguta
OGOJA/YALA,OGOJA / YALA,"Ogoja, Yala Cross"
Birnin-Kudu/Buji,Birnin-Kudu / Buji,"BirninKu, Buji"
Ajaokuta,Ajaokuta,Ajaokuta
Ringim/Taura,Ringim / Taura,"Ringim, Taura"
Bosso/Paikoro,Bosso / Paikoro,"Bosso, Paikoro"
Daura/Maiduwa/Sadamu Constituency,Daura / Maiduwa / Sadamu Constituency,"Daura, Mai'Adua, Sandamu"
Kaita/Jibiya Constituency,Kaita / Jibiya Constituency,"Kaita, Jibia"
Oju / Obi,Oju / Obi,"Oju, Obi"
Orhionmwon/Uhunmwode,Orhionmwon / Uhunmwode,"Orhionmw, Uhunmwonde"
AGEGE,AGEGE,Agege
Abeokuta South,Abeokuta South,Abeokuta South
DUTSIN-MA/KURFI,DUTSIN-MA / KURFI,"Dutsin-M, Kurfi"
Mashi/Dutsi Constituency,Mashi / Dutsi Constituency,"Mashi, Dutsi"
Rano/Bunkure/Kibiya Federal Constituency,Rano / Bunkure / Kibiya Federal Constituency,"Rano, Bunkure, Kibiya Federal"
Bungudu/Maru,Bungudu / Maru,"Bungudu, Maru"
"Ikot Ekpene, Essien Udim, Obot Akara","Ikot Ekpene, Essien Udim, Obot Akara","Ikot-Ekp, Essien Udim, Obot Akara"
Jema'a /Sanga,Jema'a / Sanga,"Jema'a, Sanga"
Katsina Federal Constituency,Katsina Federal Constituency,Katsina (Gwiwa)
Yamaltu-Deba,Yamaltu-Deba,Yamaltu
Isa/S.Birni,Isa / S.Birni,"Isa, S.Birni"
Barakin-Ladi/Riyom,Barakin-Ladi / Riyom,"Barkin Ladi, Riyom"
Kauru,Kauru,Kauru
Degema/Bonny,Degema / Bonny,"Degema, Bonny"
Alimosho,Alimosho,Alimosho
Sagbama/Ekeremor,Sagbama / Ekeremor,"Sagbama, Ekeremor"
Igbo Etiti,Igbo Etiti,Igbo-Eti
OJO,OJO,Ojo
Jos North/Bassa Federal Constituency,Jos North / Bassa Federal Constituency,"Jos North, Bassa"
Sumaila/Takai,Sumaila / Takai,"Sumaila, Takai"
Yagba East/West,Yagba East / West,"Yagba East, West"
Abakaliki/Izzi,Abakaliki / Izzi,"Abakalik, Izzi"
AJEROMI/IFELODUN,AJEROMI / IFELODUN,"Ajeromi/Ifelodun, Ifelodun"
Dawakin-Tofa/Tofa/Rimin Gado,Dawakin-Tofa / Tofa / Rimin Gado,"DawakinT, Tofa, RiminGad"
DUTSE/KIYAWA,DUTSE / KIYAWA,"Dutse, Kiyawa"
Madagali / Michika,Madagali / Michika,"Madagali, Michika"
Aninri / Agwu / Oji-River,Aninri / Agwu / Oji-River,"Aninri, Awgu, Oji-River"
Bassa / Dekina,Bassa / Dekina,"Bassa, Dekina"
Bakoro/Danja,Bakoro / Danja,"Bakori, Danja"
Anocha/Njikoka/Dunukofia,Anocha / Njikoka / Dunukofia,"Anaocha, Njikoka, Dunukofia"
Umahia North/South/Ikwuaro,Umahia North / South / Ikwuaro,"Umuahia North, Umuahia South, Ikwuano"
Igboeze North/Udenu,Igboeze North / Udenu,"Igbo-eze North, Udenu"
Darazo/Ganjuwa,Darazo / Ganjuwa,"Darazo, Gamjuwa"
Dukku/Nafada,Dukku / Nafada,"Dukku, Nafada"
Lokoja,Lokoja,Lokoja
"Aliero, Gwandu, Jega","Aliero, Gwandu, Jega","Aleiro, Gwandu, Jega"
Sokoto North/South,Sokoto North / South,"Sokoto North, Sokoto South"
Albasu/Gaya/Ajingi,Albasu / Gaya / Ajingi,"Albasu, Gaya, Ajingi"
AKKO,AKKO,Akko
Aba North / Aba South,Aba North / Aba South,"Aba North, Aba South"
Ukwa East/West,Ukwa East / West,"Ukwa East, Ukwa West"
Ogbaru,Ogbaru,Ogbaru
BABURA/GARKI,BABURA / GARKI,"Babura, Garki"
Yenagoa/K/Opokuma,Yenagoa / K / Opokuma,"Yenegoa, Gwiwa, Opokuma"
Kebbe/Tambuwal Federal Constituency,Kebbe / Tambuwal Federal Constituency,"Kebbe, Tambawal"
Kosofe Federal Constituency,Kosofe Federal Constituency,Kosofe
LAGOS ISLAND II,LAGOS ISLAND II,LagosIsland
Bogoro/Dass/Tafawa Balewa,Bogoro / Dass / Tafawa Balewa,"Bogoro, Dass, Tafawa Balewa"
Kajuru/Chikum,Kajuru / Chikum,"Kajuru, Shagamu"
Irepodun / Olorunda / Orolu / Osogbo,Irepodun / Olorunda / Orolu / Osogbo,"Irepodun, Olorunda, Orolu, Osogbo"
Ikara/KuKubau,Ikara / KuKubau,"Ikara, KuKubau"
Gwaram,Gwaram,Gwaram
Balanga/Biliri,Balanga / Biliri,"Balanga, Billiri"
Mallam Madori/Kaugama,Mallam Madori / Kaugama,"Mallam Madori, Kaugama"
Agwara / Borgu,Agwara / Borgu,"Agwara, Borgu"
ABUJA MUNICIPAL/BWARI,ABUJA MUNICIPAL / BWARI,"AbujaMun, Bwari"
Mushin I Federal Constituency,Mushin I Federal Constituency,Mushin
Kankara/Faskari/Sabuwa Constituency,Kankara / Faskari / Sabuwa Constituency,"Kankara, Faskari, Sabuwa"
Zaria,Zaria,Zaria
Agale / Lapai,Agale / Lapai,"Ikole, Lapai"
IJEBU - LEKKI,IJEBU - LEKKI,Ibeju/Lekki
Askira /Uba / Hawul,Askira / Uba / Hawul,"Askira/U, Uba, Hawul"
Kontagora/Wushishi/Mariga/Mashegu,Kontagora / Wushishi / Mariga / Mashegu,"Kontogur, Wushishi, Mariga, Mashegu"
Zuru/Fakai/Sakaba/Danko-Wasagu,Zuru / Fakai / Sakaba / Danko-Wasagu,"Zuru, Fakai, Sakaba, Danko Wasagu"
KWARE/WAMMAKO,KWARE / WAMMAKO,"Kware, Wamakko"
MUNYA/RAFI/SHIRORO,MUNYA / RAFI / SHIRORO,"Muya, Rafi, Shiroro"
ILLELA/GWADABAWA,ILLELA / GWADABAWA,"Illela, Gwadabaw"
Bida Gbaka Paicho,Bida Gbaka Paicho,Bida Gbaka Paicho
Kiru/Bebeji,Kiru / Bebeji,"Kiru, Bebeji"
ADAVI/OKEHI,ADAVI / OKEHI,"Adavi, Okehi"
Tsanyawa/Kunchi,Tsanyawa / Kunchi,"Tsanyawa, Kunchi"
Bama / Ngala,Bama / Ngala,"Bama, Ngala"
Ikorodu,Ikorodu,Ikorodu
Ekiti North,Ekiti North,Ekiti North
Ogun Waterside/Ijebu North /East,Ogun Waterside / Ijebu North / East,"OgunWaterside, IjebuNorth, IjebuEast"
Ibadan Southwest/ Northwest,Ibadan Southwest / Northwest,"IbadanSouth-West, IbadanNorth-West"
Ibadan N.East / South East,Ibadan N.East / South East,"IbadanNorth-East, IbadanSouth-East"
Ekiti South West/IKERE/ISE -ORUN,Ekiti South West / IKERE / ISE -ORUN,"EkitiSouth-West, Ikere, Ise/Orun"
Etsako,Etsako,EtsakoEa
Mubi North / Mubi South / Maiha,Mubi North / Mubi South / Maiha,"Mubi North, Mubi South, Maiha"
Misau/ Dambam,Misau / Dambam,"Misau, Damban"
BIRNIWA/GURI/KIRIKASAMMA,BIRNIWA / GURI / KIRIKASAMMA,"Biriniwa, Guri, KiriKasa"
Shira/Giade,Shira / Giade,"Shira, Giade"
APA/AGATU,APA / AGATU,"Apa, Agatu"
Ifo / Ewekoro,Ifo / Ewekoro,"Ifo, Ewekoro"
Ile - Oluji/Okeigbo & Odigbo,Ile - Oluji / Okeigbo & Odigbo,"IleOluji/Okeigbo, Okeigbo & Odigbo"
Ibarapa East / Ido,Ibarapa East / Ido,"Ibarapa East, Ido"
Egbado North/Imeko Afon,Egbado North / Imeko Afon,"EgbadoNorth, Imeko-Afon"
Osun Central II (Odo-Otin / Ifelodun / Boripe,Osun Central II (Odo-Otin / Ifelodun / Boripe,"EsanCent, Odo0tin, Ifelodun, Boripe"
Irepo/Orelope/Olorunsogo,Irepo / Orelope / Olorunsogo,"Irepo, Orelope, Olorunsogo"
Karaye/Rogo,Karaye / Rogo,"Karaye, Rogo"
Kankia/Kusada/ Ingawa Federal Constituency,Kankia / Kusada / Ingawa Federal Constituency,"Kankiya, Kusada, Ingawa"
Mayo Belwa/Jada/Ganye/Toongo,Mayo Belwa / Jada / Ganye / Toongo,"Mayo-Bel, Jada, Ganye, Teungo"
Wase,Wase,Wase
Gurara/Suleja/Tafa,Gurara / Suleja / Tafa,"Gurara, Suleja, Tafa"
OKENE/OGORI-MAGONGO,OKENE / OGORI-MAGONGO,"Okene, Ogori/Magongo"
Yola North/Yola South & Girei,Yola North / Yola South & Girei,"Yola North, Yola South, Girie"
"Isin, Irepodun, Ekiti & Oke-Ero","Isin, Irepodun, Ekiti & Oke-Ero","Isin, Irepodun, Ekiti, Oke-Ero"
Eden North,Eden North,Ede North
Ibadan North,Ibadan North,IbadanNorth
Egbado South/Ipokia,Egbado South / Ipokia,"EgbadoSouth, Ipokia"
ONDO EAST/WEST,ONDO EAST / WEST,"Ondo East, Ondo West"
Ayedire / Iwo / Ola-Oluwa,Ayedire / Iwo / Ola-Oluwa,"Ayedire, Iwo, Ola-Oluwa"
Okitipupa/Irele,Okitipupa / Irele,"Okitipupa, Irele"
"Ikot Abasi, Mkat Enin, Eastern Obolo","Ikot Abasi, Mkat Enin, Eastern Obolo","Ikot-Aba, Mkpat Enin, Eastern Obolo"
Donga/Ussa/Takum/Special Area,Donga / Ussa / Takum / Special Area,"Donga, Ussa, Takum"
Tudun-Wada/Doguwa,Tudun-Wada / Doguwa,"Tudun-Wada, Doguwa"
Ilorin East/Ilorin South,Ilorin East / Ilorin South,"Ilorin East, Ilorin South"
Nangere/Potiskum,Nangere / Potiskum,"Nangere, Potiskum"
Dange-Shuni/Bodinga/Tureta,Dange-Shuni / Bodinga / Tureta,"Dange-Shuni, Bodinga, Tureta"
Edu/Moro/Patigi,Edu / Moro / Patigi,"Edu, Moro, Pategi"
Biu / Bayo / Kwaya-Kusar / Shani,Biu / Bayo / Kwaya-Kusar / Shani,"Biu, Bayo, Kwaya Kusar, Shani"
Bauchi,Bauchi,Bauchi
Dala,Dala,Dala
Surulere Fed. Const. II,Surulere Fed. Const. II,Surulere
Maiyama/koko - Besse,Maiyama / koko - Besse,"Maiyama, Koko/Bes"
MANGU/BOKKOS,MANGU / BOKKOS,"Mangu, Bokkos"
Yabo/Shagari,Yabo / Shagari,"Yabo, Shagari"
Fagge,Fagge,Fagge
Ikwerre/Emohua,Ikwerre / Emohua,"Ikwerre, Emuoha"
Demsa/Numan/Lamurde,Demsa / Numan / Lamurde,"Demsa, Numan, Lamurde"
Arochukwu/Ohafia,Arochukwu / Ohafia,"Arochukw, Ohafia"
Nsukka/Igboeze,Nsukka / Igboeze,"Nsukka, Igbo-eze South"
Ogba/Egbema/Ndoni/Ahoada West,Ogba / Egbema / Ndoni / Ahoada West,"Ogba, Egbema, Ndoni, Ahoada West"
MAGAMA/RIJAU,MAGAMA / RIJAU,"Magama, Rijau"
Katagum,Katagum,Katagum
OTUKPO/OHIMINI,OTUKPO / OHIMINI,"Oturkpo, Ohimini"
Ayedaade / Irewole / Isokan,Ayedaade / Irewole / Isokan,"Ayedaade, Irewole, Isokan"
KABBA-BUNU/IJIMU,KABBA-BUNU / IJIMU,"Kabba/Bu-BUNU, Ijumu"
Somolu,Somolu,Shomolu
Aguata,Aguata,Aguata
Machina/Nguru/Karasuwa/Yusufari,Machina / Nguru / Karasuwa / Yusufari,"Machina, Nguru, Karasuwa, Yusufari"
Ungogo/Minjibir,Ungogo / Minjibir,"Ungogo, Minjibir"
Ado-Odo / Otta,Ado-Odo / Otta,"Ado-Odo, Otta"
Dabbatta/Makoda,Dabbatta / Makoda,"Dabbatta, Makoda"
EMURE/GBONYIN/EKITI EAST,EMURE / GBONYIN / EKITI EAST,"Emure/Ise/Orun, Gboyin, EkitiEas"
Eleme / Oyigbo / Tai,Eleme / Oyigbo / Tai,"Eleme, Oyigbo, Tai"
Kazaure/Roni Gwiwa,Kazaure / Roni Gwiwa,"Kazaure, Roni Gwiwa"
Eket/Onna/Esit Eket/Ibeno,Eket / Onna / Esit Eket / Ibeno,"Eket, Onna, Esit Eket, Ibeno"
Kaduna North,Kaduna North,Kaduna North
Bagudo / Suru,Bagudo / Suru,"Bagudo, Suru"
Bakura/Maradun,Bakura / Maradun,"Bakura, Maradun"
Orumba South,Orumba South,OrumbaSo
Langtang North/Langtang South,Langtang North / Langtang South,"Langtang North, Langtang South"
Kwande/Ushongo,Kwande / Ushongo,"Kwande, Ushongo"
Mbaitoli/Ikeduru,Mbaitoli / Ikeduru,"Mbaitoli, Ikeduru"
Ahoada East/Abua/Odual,Ahoada East / Abua / Odual,"Ahoada East, Obowo, Odual"
ZurmiI/Shinkafi,ZurmiI / Shinkafi,"Zurmi, Shinkafi"
KALTUNGO/SHONGOM,KALTUNGO / SHONGOM,"Kaltungo, Shomgom"
Jos South/Jos East,Jos South / Jos East,"Jos South, Jos East"
Port Harcourt Fed. Const.2,Port Harcourt Fed. Const.2,Port Harcourt
Okrika / Ogu / Bolo,Okrika / Ogu / Bolo,"Okrika, Agaie, Bolo"
Sagamu/Ikenne / Remo North,Sagamu / Ikenne / Remo North,"Sagamu, Ikenne, Remo-North"
Kaduna South,Kaduna South,Kaduna South
Idemili North/Idemili,Idemili North / Idemili,"Idemili South North, Idemili South"
Isala Ngwa North/south,Isala Ngwa North / south,"Isiala Ngwa North, Isiala Ngwa South"
Ayamelum / Oyi,Ayamelum / Oyi,"Ayamelum, Oyi"
Nnewi North / South & Ekwusigo,Nnewi North / South & Ekwusigo,"Nnewi North, Nnewi South, Ekwusigo"
Anambra East/West,Anambra East / West,"Anambra East, Anambra West"
Gwer East/Gwer West,Gwer East / Gwer West,"Gwer East, GwerWest"
Boki/Ikom,Boki / Ikom,"Boki, Ikom"
EHIME/IHITTE UBOMA/OBONO,EHIME / IHITTE UBOMA / OBONO,"EHIME, IHITTE UBOMA, OBONO"
NKWERRE/NWANGELE/ISU/NJABA,NKWERRE / NWANGELE / ISU / NJABA,"Nkwerre, Nwangele, Isu, Njaba"
Awka North & South,Awka North & South,"AwkaNort, IkaSouth"
Aboh Mbaise/Ngor Okpala Federal Consistuency,Aboh Mbaise / Ngor Okpala Federal Consistuency,"Aboh-Mba, Ngor-Okp"
Onitsha North/South Federal,Onitsha North / South Federal,"Onitsha North, Onitsha South"
Opobo / Nkoro,Opobo / Nkoro,"Opobo, Nkoro"
KAURA - NAMODA/BIRNIN MAGAJI,KAURA - NAMODA / BIRNIN MAGAJI,"Kaura - NAMODA, Birnin-Magaji/Kiyaw"
Etinan,Etinan,Etinan
AKAMKPA/BIASE,AKAMKPA / BIASE,"Akamkpa, Biase"
Warri North/Warri South/Warri West,Warri North / Warri South / Warri West,"Warri North, Warri South, Warri West"
MUSAWA/MATAZU,MUSAWA / MATAZU,"Musawa, Matazu"
AKWANGA/WAMBA/NASARAWA EGGON,AKWANGA / WAMBA / NASARAWA EGGON,"Akwanga, Wamba, Nassaraw Egon"
Akuku - Toru/Asari - Toru,Akuku - Toru / Asari - Toru,"Akukutor, Asari-To"
Akoko South East/South Wes,Akoko South East / South Wes,"Akoko South-East, Akoko South-West"
IDEATO NORTH/SOUTH,IDEATO NORTH / SOUTH,"IdeatoNo, Ideato South"
Ethiope,Ethiope,EthiopeE
Abak/Etim Ekpo & Ika,Abak / Etim Ekpo & Ika,"Abak, EtimEkpo, Ika"
Uyo,Uyo,Uyo
Ukanafun/Orukaanam,Ukanafun / Orukaanam,"Ukanafun, Oruk-Ana"
MAKURDI/GUMA,MAKURDI / GUMA,"Makurdi, Guma"
PANKSHIN/KANKE/KANAM,PANKSHIN / KANKE / KANAM,"Pankshin, Kanke, Kanam"
Buruku,Buruku,Buruku
Katsina-Ala Ukum Logo,Katsina-Ala Ukum Logo,Katsina (Gwiwa) (Benue)
Burutu,Burutu,Burutu
Calabar South/Akpabuyo/Bakassi,Calabar South / Akpabuyo / Bakassi,"Calabar South, Akpabuyo, Bakassi"
Yakurr/Abi,Yakurr / Abi,"Yakurr, Abi"
OWERRI MINICIPAL/NORTH/WEST,OWERRI MINICIPAL / NORTH / WEST,"Owerri Municipal, Owerri North, Owerri West"
Obingwa/osisioma/Ugwumagbo,Obingwa / osisioma / Ugwumagbo,"Obingwa, osisioma, Ugwunagbo"
IKEJA,IKEJA,Ikeja
Atakumosa / East/ West & Ilesa East /West,Atakumosa / East / West & Ilesa East / West,"Atakumosa East, Atakumosa West, Ilesha East, Ilesha West"
Bagwai/Shanono,Bagwai / Shanono,"Bagwai, Shanono"
Surulere I Federal Constituency,Surulere I Federal Constituency,Surulere
Brass / Nembe,Brass / Nembe,"Brass, Nembe"
Ihiala,Ihiala,Ihiala
OBANIKU/OBUDU/BEKWARRA,OBANIKU / OBUDU / BEKWARRA,"OBANIKU, Obudu, Bekwarra"
Esan North East/South West,Esan North East / South West,"Esan North East, EsanSout"
SAFANA/DAN-MUSA/BATSARI,SAFANA / DAN-MUSA / BATSARI,"Safana, Danmusa, Batsari"
Akoko North East/North-West,Akoko North East / North-West,"Akoko North-East, AkokoNorthWest"
Sabon Gari,Sabon Gari,Sabon-Ga
Argungu/Augie,Argungu / Augie,"Argungu, Augie"
Guyuk/Shelleng,Guyuk / Shelleng,"Guyuk, Shelleng"
Jaba/Zangon Kafat,Jaba / Zangon Kafat,"Jaba, ZangonKa"
Bursari/Geidam/Yunusari,Bursari / Geidam / Yunusari,"Borsari, Geidam, Yunusari"
Kaura,Kaura,Kaura
Oshodi / Isolo Fed. Const II,Oshodi / Isolo Fed. Const II,"Oshodi, Isolo"
Yauri/Shanga/Ngaski,Yauri / Shanga / Ngaski,